Unnamed: 0,actions,states,trial,ts
35,0,8,1,0
36,0,8,1,1
31,1,7,1,2
32,2,7,1,3
37,0,8,1,4
33,2,7,1,5
38,0,8,1,6
34,0,7,1,7
30,0,6,1,8
28,0,5,1,9
25,0,4,1,10
11,1,3,1,11
12,1,3,1,12
13,1,3,1,13
14,1,3,1,14
15,1,3,1,15
16,1,3,1,16
17,1,3,1,17
18,1,3,1,18
19,0,3,1,19
8,0,2,1,20
4,0,1,1,21
0,2,0,1,22
5,2,1,1,23
20,1,3,1,23
9,0,2,1,24
6,0,1,1,25
1,0,0,1,26
2,0,0,1,27
3,2,0,1,28
7,2,1,1,29
10,2,2,1,30
21,2,3,1,31
26,2,4,1,32
29,0,5,1,33
27,0,4,1,34
22,1,3,1,35
23,1,3,1,36
24,1,3,1,37
49,0,8,2,0
50,0,8,2,1
47,2,7,2,2
51,0,8,2,3
48,0,7,2,4
44,1,6,2,5
45,0,6,2,6
42,2,5,2,7
46,0,6,2,8
43,0,5,2,9
38,0,4,2,10
24,0,3,2,11
11,1,2,2,12
12,1,2,2,13
13,1,2,2,14
14,1,2,2,15
15,0,2,2,16
2,0,1,2,17
0,2,0,2,18
3,0,1,2,19
1,2,0,2,20
4,1,1,2,21
5,2,1,2,22
16,2,2,2,23
25,1,3,2,24
26,1,3,2,25
27,1,3,2,26
28,0,3,2,26
17,0,2,2,27
6,2,1,2,28
18,0,2,2,29
7,1,1,2,30
8,1,1,2,31
9,2,1,2,32
19,2,2,2,33
29,2,3,2,34
39,0,4,2,35
30,2,3,2,36
40,0,4,2,37
31,1,3,2,38
32,1,3,2,39
33,1,3,2,40
34,2,3,2,41
41,0,4,2,42
35,0,3,2,43
20,1,2,2,44
21,2,2,2,45
36,1,3,2,46
37,0,3,2,47
22,0,2,2,48
10,2,1,2,49
23,2,2,2,50
30,0,8,3,0
31,0,8,3,1
29,0,7,3,2
28,0,6,3,3
27,0,5,3,4
25,0,4,3,5
7,0,3,3,6
0,1,2,3,7
1,1,2,3,8
2,1,2,3,9
3,2,2,3,10
8,2,3,3,11
26,0,4,3,12
9,1,3,3,13
10,1,3,3,14
11,1,3,3,15
12,1,3,3,16
13,1,3,3,17
14,0,3,3,18
4,2,2,3,19
15,1,3,3,20
16,1,3,3,21
17,1,3,3,22
18,1,3,3,23
19,0,3,3,24
5,2,2,3,25
20,0,3,3,26
6,2,2,3,27
21,1,3,3,28
22,1,3,3,29
23,1,3,3,30
24,1,3,3,31
31,0,8,4,0
32,0,8,4,1
30,0,7,4,2
28,1,6,4,3
29,0,6,4,4
27,0,5,4,5
26,0,4,4,6
11,1,3,4,7
12,1,3,4,8
13,1,3,4,9
14,1,3,4,10
15,1,3,4,11
16,1,3,4,12
17,1,3,4,13
18,0,3,4,14
5,1,2,4,15
6,0,2,4,16
2,0,1,4,17
0,0,0,4,18
1,2,0,4,19
3,1,1,4,20
4,2,1,4,21
7,1,2,4,22
8,2,2,4,23
19,1,3,4,24
20,1,3,4,25
21,1,3,4,26
22,1,3,4,27
23,1,3,4,28
24,0,3,4,29
9,1,2,4,30
10,2,2,4,31
25,1,3,4,32
28,0,8,5,0
29,2,8,5,1
33,0,9,5,2
30,0,8,5,3
25,2,7,5,4
31,1,8,5,5
32,0,8,5,6
26,0,7,5,7
22,1,6,5,8
23,2,6,5,9
27,0,7,5,10
24,0,6,5,11
21,0,5,5,12
20,0,4,5,13
4,0,3,5,14
0,1,2,5,15
1,2,2,5,16
5,0,3,5,17
2,1,2,5,18
3,2,2,5,19
6,1,3,5,20
7,1,3,5,21
8,0,3,5,22
9,1,3,5,22
10,1,3,5,23
11,1,3,5,24
12,1,3,5,25
13,1,3,5,26
14,1,3,5,27
15,1,3,5,28
16,1,3,5,29
17,1,3,5,30
18,1,3,5,31
19,1,3,5,32
43,0,8,6,0
44,0,8,6,1
40,2,7,6,2
45,2,8,6,3
47,2,9,6,4
49,1,10,6,5
50,1,10,6,6
51,0,10,6,7
48,0,9,6,8
46,0,8,6,9
41,0,7,6,10
34,2,6,6,11
42,0,7,6,12
35,0,6,6,13
29,2,5,6,14
36,1,6,6,15
37,0,6,6,16
30,2,5,6,17
38,1,6,6,18
39,0,6,6,19
31,0,5,6,20
22,0,4,6,21
9,0,3,6,22
7,0,2,6,23
4,0,1,6,24
0,1,0,6,25
1,0,0,6,26
2,2,0,6,27
5,0,1,6,28
3,2,0,6,29
6,2,1,6,30
8,2,2,6,31
10,1,3,6,32
11,1,3,6,33
12,1,3,6,34
13,2,3,6,35
23,1,4,6,36
24,0,4,6,37
14,1,3,6,38
15,1,3,6,39
16,1,3,6,40
17,2,3,6,41
25,2,4,6,42
32,0,5,6,43
26,0,4,6,44
18,1,3,6,45
19,2,3,6,46
20,1,3,6,47
27,2,4,6,47
33,0,5,6,48
28,0,4,6,49
21,1,3,6,50
21,0,8,7,0
22,0,8,7,1
19,1,7,7,2
20,0,7,7,3
18,0,6,7,4
17,0,5,7,5
16,0,4,7,6
3,0,3,7,7
1,0,2,7,8
0,2,1,7,9
2,2,2,7,10
4,1,3,7,11
5,1,3,7,12
6,1,3,7,13
7,1,3,7,14
8,1,3,7,15
9,1,3,7,16
10,1,3,7,17
11,1,3,7,18
12,1,3,7,19
13,1,3,7,20
14,1,3,7,21
15,1,3,7,24
23,0,8,8,0
24,0,8,8,1
21,2,7,8,2
25,2,8,8,3
27,0,9,8,4
26,0,8,8,5
22,0,7,8,6
20,0,6,8,7
19,0,5,8,8
16,0,4,8,9
2,1,3,8,10
3,1,3,8,11
4,2,3,8,12
17,1,4,8,13
18,0,4,8,14
5,1,3,8,15
6,1,3,8,16
7,1,3,8,17
8,1,3,8,18
9,1,3,8,19
10,0,3,8,20
0,1,2,8,21
1,2,2,8,22
11,1,3,8,23
12,1,3,8,24
13,1,3,8,24
14,1,3,8,25
15,1,3,8,26
24,0,8,9,0
25,0,8,9,1
22,1,7,9,2
23,0,7,9,3
21,0,6,9,4
20,0,5,9,5
19,0,4,9,6
4,1,3,9,7
5,1,3,9,8
6,1,3,9,9
7,1,3,9,10
8,1,3,9,11
9,0,3,9,12
0,2,2,9,13
10,1,3,9,14
11,1,3,9,15
12,1,3,9,16
13,0,3,9,17
1,2,2,9,18
14,1,3,9,19
15,0,3,9,20
2,1,2,9,21
3,2,2,9,22
16,1,3,9,23
17,1,3,9,24
18,1,3,9,25
39,0,8,10,0
40,1,8,10,1
41,2,8,10,2
45,0,9,10,3
42,0,8,10,4
33,0,7,10,5
27,2,6,10,6
34,0,7,10,7
28,0,6,10,8
20,0,5,10,9
11,0,4,10,10
3,2,3,10,11
12,1,4,10,12
13,0,4,10,13
4,0,3,10,14
0,2,2,10,15
5,0,3,10,16
1,2,2,10,17
6,0,3,10,18
2,2,2,10,19
7,2,3,10,20
14,2,4,10,21
21,1,5,10,22
22,1,5,10,23
23,0,5,10,24
15,0,4,10,25
8,2,3,10,26
16,2,4,10,27
24,2,5,10,28
29,0,6,10,29
25,0,5,10,30
17,0,4,10,31
9,2,3,10,32
18,0,4,10,33
10,2,3,10,34
19,2,4,10,35
26,2,5,10,36
30,2,6,10,37
35,1,7,10,38
36,0,7,10,39
31,2,6,10,40
37,0,7,10,41
32,2,6,10,42
38,2,7,10,43
43,2,8,10,44
46,2,9,10,45
48,2,10,10,46
50,0,11,10,47
49,0,10,10,48
47,0,9,10,49
44,1,8,10,50
26,0,8,11,0
27,0,8,11,1
25,0,7,11,2
24,0,6,11,3
22,1,5,11,4
23,0,5,11,5
20,0,4,11,6
6,1,3,11,7
7,1,3,11,8
8,1,3,11,9
9,1,3,11,10
10,1,3,11,11
11,0,3,11,12
2,0,2,11,13
0,2,1,11,14
3,1,2,11,15
4,0,2,11,16
1,2,1,11,17
5,2,2,11,18
12,1,3,11,19
13,1,3,11,20
14,1,3,11,21
15,1,3,11,22
16,1,3,11,23
17,2,3,11,24
21,0,4,11,25
18,1,3,11,26
19,1,3,11,27
45,0,8,12,0
46,2,8,12,1
51,0,9,12,2
47,0,8,12,3
43,2,7,12,4
48,1,8,12,5
49,1,8,12,6
50,0,8,12,7
44,0,7,12,8
42,0,6,12,9
40,0,5,12,10
30,0,4,12,11
16,0,3,12,12
0,1,2,12,13
1,1,2,12,14
2,2,2,12,15
17,2,3,12,16
31,1,4,12,17
32,1,4,12,18
33,0,4,12,19
18,0,3,12,20
3,1,2,12,21
4,1,2,12,22
5,2,2,12,23
19,2,3,12,24
34,2,4,12,25
41,0,5,12,26
35,0,4,12,27
20,0,3,12,28
6,1,2,12,29
7,1,2,12,30
8,2,2,12,31
21,2,3,12,32
36,1,4,12,33
37,0,4,12,34
22,0,3,12,35
9,1,2,12,36
10,1,2,12,37
11,1,2,12,38
12,2,2,12,39
23,2,3,12,40
38,1,4,12,41
39,0,4,12,42
24,0,3,12,43
13,1,2,12,44
14,1,2,12,45
15,2,2,12,46
25,1,3,12,47
26,1,3,12,47
27,1,3,12,48
28,1,3,12,49
29,1,3,12,50
26,0,8,13,0
27,0,8,13,1
24,1,7,13,2
25,0,7,13,3
23,0,6,13,4
22,0,5,13,5
21,0,4,13,6
6,0,3,13,7
2,2,2,13,8
7,0,3,13,9
3,1,2,13,10
4,0,2,13,11
0,1,1,13,12
1,2,1,13,13
5,2,2,13,14
8,1,3,13,15
9,1,3,13,16
10,1,3,13,17
11,1,3,13,18
12,1,3,13,19
13,1,3,13,20
14,1,3,13,21
15,1,3,13,22
16,1,3,13,23
17,1,3,13,24
18,1,3,13,25
19,1,3,13,26
20,1,3,13,33
24,0,8,14,0
25,0,8,14,1
23,0,7,14,2
22,0,6,14,3
21,0,5,14,4
19,0,4,14,5
4,1,3,14,6
5,1,3,14,7
6,0,3,14,8
0,1,2,14,9
1,1,2,14,10
2,2,2,14,11
7,1,3,14,12
8,1,3,14,13
9,2,3,14,14
20,0,4,14,15
10,0,3,14,16
3,2,2,14,17
11,1,3,14,18
12,1,3,14,19
13,1,3,14,20
14,1,3,14,21
15,1,3,14,22
16,1,3,14,23
17,1,3,14,24
18,1,3,14,25
45,0,8,15,0
46,0,8,15,1
44,0,7,15,2
43,0,6,15,3
42,0,5,15,4
40,0,4,15,5
21,0,3,15,6
14,1,2,15,7
15,1,2,15,8
16,1,2,15,9
17,1,2,15,10
18,1,2,15,11
19,0,2,15,12
10,0,1,15,13
0,2,0,15,14
11,1,1,15,15
12,0,1,15,16
1,0,0,15,17
2,1,0,15,18
3,1,0,15,19
4,1,0,15,20
5,1,0,15,21
6,1,0,15,22
7,1,0,15,23
8,1,0,15,24
9,2,0,15,25
13,2,1,15,26
20,2,2,15,27
22,1,3,15,28
23,1,3,15,29
24,1,3,15,30
25,1,3,15,31
26,1,3,15,32
27,1,3,15,33
28,1,3,15,34
29,1,3,15,35
30,1,3,15,36
31,1,3,15,37
32,1,3,15,38
33,1,3,15,39
34,1,3,15,40
35,2,3,15,41
41,0,4,15,42
36,1,3,15,43
37,1,3,15,44
38,1,3,15,45
39,1,3,15,46
24,0,8,16,0
25,2,8,16,1
27,0,9,16,2
26,0,8,16,3
23,0,7,16,4
22,0,6,16,5
20,1,5,16,6
21,0,5,16,7
18,0,4,16,8
4,2,3,16,9
19,0,4,16,10
5,1,3,16,11
6,1,3,16,12
7,1,3,16,13
8,1,3,16,14
9,0,3,16,15
2,0,2,16,16
0,1,1,16,17
1,2,1,16,18
3,2,2,16,19
10,1,3,16,20
11,1,3,16,21
12,1,3,16,22
13,1,3,16,23
14,1,3,16,24
15,1,3,16,24
16,1,3,16,25
17,1,3,16,26
23,0,8,17,0
24,1,8,17,1
25,1,8,17,2
26,0,8,17,3
20,0,7,17,4
18,2,6,17,5
21,1,7,17,6
22,0,7,17,7
19,0,6,17,8
17,0,5,17,9
16,0,4,17,10
2,1,3,17,11
3,1,3,17,12
4,1,3,17,13
5,1,3,17,14
6,1,3,17,15
7,1,3,17,16
8,0,3,17,17
0,2,2,17,18
9,1,3,17,19
10,1,3,17,20
11,1,3,17,21
12,1,3,17,22
13,0,3,17,23
1,2,2,17,24
14,1,3,17,25
15,1,3,17,26
49,0,8,18,0
50,1,8,18,1
51,0,8,18,2
47,0,7,18,3
44,1,6,18,4
45,2,6,18,5
48,0,7,18,6
46,0,6,18,7
42,0,5,18,8
33,1,4,18,9
34,0,4,18,10
17,0,3,18,11
7,1,2,18,12
8,0,2,18,13
3,0,1,18,14
0,0,0,18,15
1,0,0,18,16
2,2,0,18,17
4,2,1,18,18
9,2,2,18,19
18,2,3,18,20
35,1,4,18,21
36,0,4,18,22
19,1,3,18,23
20,1,3,18,24
21,1,3,18,25
22,1,3,18,26
23,0,3,18,27
24,1,3,18,27
25,0,3,18,28
10,1,2,18,29
11,0,2,18,30
5,2,1,18,31
12,0,2,18,32
6,2,1,18,33
13,2,2,18,34
26,2,3,18,35
37,0,4,18,36
27,2,3,18,37
38,0,4,18,38
28,1,3,18,39
29,2,3,18,40
39,2,4,18,41
43,0,5,18,42
40,0,4,18,43
30,2,3,18,44
41,0,4,18,45
31,0,3,18,46
14,1,2,18,47
15,2,2,18,48
32,0,3,18,49
16,1,2,18,50
26,0,8,19,0
27,1,8,19,1
28,2,8,19,2
30,0,9,19,3
29,0,8,19,4
25,0,7,19,5
24,0,6,19,6
23,0,5,19,7
19,0,4,19,8
4,1,3,19,9
5,1,3,19,10
6,1,3,19,11
7,1,3,19,12
8,1,3,19,13
9,1,3,19,14
10,1,3,19,15
11,1,3,19,16
12,1,3,19,17
13,0,3,19,18
1,1,2,19,19
2,0,2,19,20
0,2,1,19,21
3,2,2,19,22
14,2,3,19,23
20,1,4,19,24
21,1,4,19,25
22,0,4,19,26
15,1,3,19,27
16,1,3,19,28
17,1,3,19,29
18,1,3,19,32
42,0,8,20,0
43,1,8,20,1
44,1,8,20,2
45,1,8,20,3
46,0,8,20,4
40,0,7,20,5
36,2,6,20,6
41,0,7,20,7
37,0,6,20,8
34,2,5,20,9
38,1,6,20,10
39,0,6,20,11
35,0,5,20,12
29,0,4,20,13
10,1,3,20,14
11,1,3,20,15
12,2,3,20,16
30,0,4,20,17
13,2,3,20,18
31,0,4,20,19
14,1,3,20,20
15,1,3,20,21
16,2,3,20,22
32,0,4,20,23
17,2,3,20,24
33,0,4,20,25
18,1,3,20,26
19,1,3,20,27
20,0,3,20,28
2,0,2,20,29
0,2,1,20,30
3,1,2,20,31
4,1,2,20,32
5,1,2,20,33
6,0,2,20,34
1,2,1,20,35
7,1,2,20,36
8,2,2,20,37
21,1,3,20,38
22,1,3,20,39
23,1,3,20,40
24,1,3,20,41
25,1,3,20,42
26,1,3,20,43
27,0,3,20,44
9,2,2,20,45
28,1,3,20,46
43,0,8,21,0
44,2,8,21,1
47,0,9,21,2
45,1,8,21,3
46,0,8,21,4
42,0,7,21,5
41,0,6,21,6
36,0,5,21,7
23,2,4,21,8
37,0,5,21,9
24,0,4,21,10
3,2,3,21,11
25,2,4,21,12
38,0,5,21,13
26,0,4,21,14
4,1,3,21,15
5,2,3,21,16
27,0,4,21,17
6,1,3,21,18
7,1,3,21,19
8,1,3,21,20
9,2,3,21,21
28,2,4,21,22
39,1,5,21,23
40,0,5,21,24
29,0,4,21,25
10,1,3,21,26
11,1,3,21,26
12,2,3,21,27
30,1,4,21,28
31,0,4,21,29
13,1,3,21,30
14,2,3,21,31
32,1,4,21,32
33,0,4,21,33
15,0,3,21,34
0,1,2,21,35
1,1,2,21,36
2,2,2,21,37
16,2,3,21,38
34,1,4,21,39
35,0,4,21,40
17,1,3,21,41
18,1,3,21,42
19,1,3,21,43
20,1,3,21,44
21,1,3,21,45
22,1,3,21,46
22,0,8,22,0
23,2,8,22,1
25,0,9,22,2
24,0,8,22,3
21,0,7,22,4
19,1,6,22,5
20,0,6,22,6
18,0,5,22,7
17,0,4,22,8
3,1,3,22,9
4,1,3,22,10
5,1,3,22,11
6,1,3,22,12
7,0,3,22,13
0,2,2,22,14
8,1,3,22,15
9,1,3,22,16
10,1,3,22,17
11,1,3,22,18
12,1,3,22,19
13,1,3,22,20
14,0,3,22,21
1,1,2,22,22
2,2,2,22,23
15,1,3,22,24
16,1,3,22,25
29,0,8,23,0
30,1,8,23,1
31,0,8,23,2
27,2,7,23,3
32,1,8,23,4
33,0,8,23,5
28,0,7,23,6
26,0,6,23,7
25,0,5,23,8
22,0,4,23,9
6,1,3,23,10
7,1,3,23,11
8,1,3,23,12
9,1,3,23,13
10,1,3,23,14
11,1,3,23,15
12,1,3,23,16
13,1,3,23,17
14,1,3,23,18
15,0,3,23,19
1,1,2,23,20
2,0,2,23,21
0,2,1,23,22
3,2,2,23,23
16,2,3,23,24
23,0,4,23,25
17,1,3,23,26
18,0,3,23,26
4,1,2,23,27
5,2,2,23,28
19,1,3,23,29
20,2,3,23,30
24,0,4,23,31
21,1,3,23,32
25,0,8,24,0
26,0,8,24,1
23,1,7,24,2
24,0,7,24,3
22,0,6,24,4
21,0,5,24,5
17,0,4,24,6
1,1,3,24,7
2,0,3,24,8
0,2,2,24,9
3,1,3,24,10
4,1,3,24,11
5,1,3,24,12
6,1,3,24,13
7,1,3,24,14
8,2,3,24,15
18,0,4,24,16
9,2,3,24,17
19,0,4,24,18
10,2,3,24,19
20,0,4,24,20
11,1,3,24,21
12,1,3,24,22
13,1,3,24,23
14,1,3,24,24
15,1,3,24,25
16,1,3,24,26
26,0,8,25,0
27,1,8,25,1
28,0,8,25,2
24,2,7,25,3
29,0,8,25,4
25,0,7,25,5
23,0,6,25,6
21,1,5,25,7
22,0,5,25,8
16,0,4,25,9
1,2,3,25,10
17,1,4,25,11
18,0,4,25,12
2,1,3,25,13
3,1,3,25,14
4,1,3,25,15
5,1,3,25,16
6,2,3,25,17
19,1,4,25,18
20,0,4,25,19
7,1,3,25,20
8,1,3,25,21
9,1,3,25,22
10,1,3,25,23
11,1,3,25,24
12,1,3,25,25
13,1,3,25,26
14,1,3,25,27
15,0,3,25,28
0,2,2,25,29
20,0,8,26,0
21,1,8,26,1
22,1,8,26,2
23,0,8,26,3
19,0,7,26,4
18,0,6,26,5
17,0,5,26,6
16,0,4,26,7
2,1,3,26,8
3,1,3,26,9
4,1,3,26,10
5,0,3,26,11
0,2,2,26,12
6,1,3,26,13
7,1,3,26,14
8,1,3,26,15
9,1,3,26,16
10,1,3,26,17
11,0,3,26,18
1,2,2,26,19
12,1,3,26,20
13,1,3,26,21
14,1,3,26,22
15,1,3,26,23
22,0,8,27,0
23,0,8,27,1
20,2,7,27,2
24,2,8,27,3
26,0,9,27,4
25,0,8,27,5
21,0,7,27,6
19,0,6,27,7
18,0,5,27,8
17,0,4,27,9
3,1,3,27,10
4,1,3,27,11
5,0,3,27,12
0,1,2,27,13
1,2,2,27,14
6,1,3,27,15
7,1,3,27,16
8,1,3,27,17
9,1,3,27,18
10,1,3,27,19
11,1,3,27,20
12,1,3,27,21
13,0,3,27,22
2,2,2,27,23
14,1,3,27,24
15,1,3,27,25
16,1,3,27,26
23,0,8,28,0
24,1,8,28,1
25,0,8,28,2
22,0,7,28,3
21,0,6,28,4
20,0,5,28,5
17,0,4,28,6
2,1,3,28,7
3,1,3,28,8
4,1,3,28,9
5,1,3,28,10
6,0,3,28,11
0,1,2,28,12
1,2,2,28,13
7,1,3,28,14
8,1,3,28,15
9,1,3,28,16
10,2,3,28,17
18,0,4,28,18
11,2,3,28,19
19,0,4,28,20
12,1,3,28,21
13,1,3,28,22
14,1,3,28,23
15,1,3,28,24
16,1,3,28,25
22,0,8,29,0
23,0,8,29,1
21,0,7,29,2
20,0,6,29,3
19,0,5,29,4
17,0,4,29,5
2,1,3,29,6
3,1,3,29,7
4,2,3,29,8
18,0,4,29,9
5,1,3,29,10
6,0,3,29,11
0,2,2,29,12
7,1,3,29,13
8,1,3,29,14
9,1,3,29,15
10,1,3,29,16
11,0,3,29,17
1,2,2,29,18
12,1,3,29,19
13,1,3,29,20
14,1,3,29,21
15,1,3,29,22
16,1,3,29,23
23,0,8,30,0
24,1,8,30,1
25,1,8,30,2
26,1,8,30,3
27,1,8,30,4
28,0,8,30,5
22,0,7,30,6
21,0,6,30,7
20,0,5,30,8
18,0,4,30,9
3,1,3,30,10
4,1,3,30,11
5,1,3,30,12
6,1,3,30,13
7,1,3,30,14
8,1,3,30,15
9,1,3,30,16
10,0,3,30,17
0,1,2,30,18
1,2,2,30,19
11,2,3,30,20
19,0,4,30,21
12,1,3,30,22
13,1,3,30,23
14,0,3,30,24
2,2,2,30,25
15,1,3,30,26
16,1,3,30,27
17,1,3,30,33
25,0,8,31,0
26,1,8,31,1
27,0,8,31,2
22,2,7,31,3
28,0,8,31,4
23,0,7,31,5
20,2,6,31,6
24,0,7,31,7
21,0,6,31,8
18,0,5,31,9
14,0,4,31,10
0,1,3,31,11
1,2,3,31,12
15,0,4,31,13
2,1,3,31,14
3,2,3,31,15
16,2,4,31,16
19,0,5,31,17
17,0,4,31,18
4,1,3,31,19
5,1,3,31,20
6,1,3,31,21
7,1,3,31,22
8,1,3,31,23
9,1,3,31,24
10,1,3,31,25
11,1,3,31,26
12,1,3,31,27
13,1,3,31,28
22,0,8,32,0
23,0,8,32,1
21,0,7,32,2
20,0,6,32,3
19,0,5,32,4
18,0,4,32,5
4,1,3,32,6
5,1,3,32,7
6,1,3,32,8
7,0,3,32,9
1,0,2,32,10
0,2,1,32,11
2,2,2,32,12
8,1,3,32,13
9,1,3,32,14
10,1,3,32,15
11,1,3,32,16
12,1,3,32,17
13,1,3,32,18
14,1,3,32,19
15,0,3,32,20
3,2,2,32,21
16,1,3,32,22
17,1,3,32,23
26,0,8,33,0
27,1,8,33,1
28,1,8,33,2
29,2,8,33,3
31,2,9,33,4
34,0,10,33,5
32,1,9,33,6
33,0,9,33,7
30,0,8,33,8
24,0,7,33,9
20,0,6,33,10
16,2,5,33,11
21,2,6,33,12
25,0,7,33,13
22,0,6,33,14
17,2,5,33,15
23,0,6,33,16
18,1,5,33,17
19,0,5,33,18
15,0,4,33,19
2,1,3,33,20
3,1,3,33,21
4,1,3,33,22
5,1,3,33,23
6,1,3,33,24
7,1,3,33,25
8,1,3,33,26
9,1,3,33,27
10,1,3,33,28
11,1,3,33,29
12,1,3,33,29
13,0,3,33,30
0,1,2,33,31
1,2,2,33,32
14,1,3,33,33
23,0,8,34,0
24,0,8,34,1
22,0,7,34,2
21,0,6,34,3
20,0,5,34,4
17,0,4,34,5
2,1,3,34,6
3,1,3,34,7
4,2,3,34,8
18,0,4,34,9
5,1,3,34,10
6,2,3,34,11
19,0,4,34,12
7,1,3,34,13
8,1,3,34,14
9,1,3,34,15
10,1,3,34,16
11,1,3,34,17
12,1,3,34,18
13,1,3,34,19
14,0,3,34,20
0,1,2,34,21
1,2,2,34,22
15,1,3,34,23
16,1,3,34,24
27,0,8,35,0
28,0,8,35,1
25,0,7,35,2
23,2,6,35,3
26,0,7,35,4
24,0,6,35,5
22,0,5,35,6
19,0,4,35,7
2,2,3,35,8
20,0,4,35,9
3,2,3,35,10
21,0,4,35,11
4,1,3,35,12
5,0,3,35,13
0,2,2,35,14
6,1,3,35,15
7,1,3,35,16
8,1,3,35,17
9,1,3,35,18
10,1,3,35,19
11,1,3,35,20
12,1,3,35,21
13,1,3,35,22
14,1,3,35,23
15,0,3,35,24
1,2,2,35,25
16,1,3,35,26
17,2,3,35,27
18,1,3,35,27
22,0,8,36,0
23,2,8,36,1
27,0,9,36,2
24,2,8,36,3
28,2,9,36,4
31,0,10,36,5
29,0,9,36,6
25,2,8,36,7
30,0,9,36,8
26,0,8,36,9
21,0,7,36,10
20,0,6,36,11
19,0,5,36,12
16,0,4,36,13
2,0,3,36,14
0,1,2,36,15
1,2,2,36,16
3,1,3,36,17
4,1,3,36,18
5,1,3,36,19
6,1,3,36,20
7,2,3,36,21
17,1,4,36,22
18,0,4,36,23
8,1,3,36,24
9,1,3,36,25
10,1,3,36,26
11,1,3,36,26
12,1,3,36,27
13,1,3,36,28
14,1,3,36,29
15,1,3,36,30
46,0,8,37,0
47,1,8,37,1
48,1,8,37,2
49,2,8,37,3
51,0,9,37,4
50,0,8,37,5
44,0,7,37,6
42,2,6,37,7
45,0,7,37,8
43,0,6,37,9
41,0,5,37,10
30,0,4,37,11
13,0,3,37,12
2,1,2,37,13
3,1,2,37,14
4,2,2,37,15
14,2,3,37,16
31,1,4,37,17
32,1,4,37,18
33,0,4,37,19
15,0,3,37,20
5,2,2,37,21
16,2,3,37,22
34,1,4,37,23
35,0,4,37,24
17,0,3,37,25
6,2,2,37,26
18,2,3,37,27
19,1,3,37,28
36,1,4,37,28
37,0,4,37,29
20,0,3,37,30
7,1,2,37,31
8,1,2,37,32
9,2,2,37,33
21,2,3,37,34
38,1,4,37,35
39,1,4,37,36
40,0,4,37,37
22,1,3,37,38
23,1,3,37,39
24,1,3,37,40
25,1,3,37,41
26,1,3,37,42
27,1,3,37,43
28,1,3,37,44
29,0,3,37,45
10,1,2,37,46
11,1,2,37,47
12,0,2,37,48
1,0,1,37,49
0,2,0,37,50
16,0,8,38,0
17,0,8,38,1
15,0,7,38,2
14,0,6,38,3
13,0,5,38,4
12,0,4,38,5
0,1,3,38,6
1,1,3,38,7
2,1,3,38,8
3,1,3,38,9
4,1,3,38,10
5,1,3,38,11
6,1,3,38,12
7,1,3,38,13
8,1,3,38,14
9,1,3,38,15
10,1,3,38,16
11,1,3,38,29
38,0,8,39,0
39,0,8,39,1
35,0,7,39,2
32,0,6,39,3
27,2,5,39,4
33,2,6,39,5
36,2,7,39,6
40,0,8,39,7
37,0,7,39,8
34,0,6,39,9
28,0,5,39,10
22,0,4,39,11
6,0,3,39,12
1,0,2,39,13
0,2,1,39,14
2,2,2,39,15
7,1,3,39,16
8,1,3,39,17
9,1,3,39,18
10,1,3,39,19
11,1,3,39,20
12,0,3,39,21
3,1,2,39,22
4,2,2,39,23
13,2,3,39,24
23,2,4,39,25
29,0,5,39,26
24,2,4,39,27
30,0,5,39,28
25,2,4,39,29
14,1,3,39,30
31,0,5,39,30
26,0,4,39,31
15,1,3,39,32
16,1,3,39,33
17,1,3,39,34
18,1,3,39,35
19,1,3,39,36
20,0,3,39,37
5,2,2,39,38
21,1,3,39,39
29,0,8,40,0
30,2,8,40,1
32,0,9,40,2
31,0,8,40,3
28,0,7,40,4
27,0,6,40,5
26,0,5,40,6
23,0,4,40,7
6,1,3,40,8
7,1,3,40,9
8,0,3,40,10
2,0,2,40,11
0,1,1,40,12
1,2,1,40,13
3,2,2,40,14
9,1,3,40,15
10,0,3,40,16
4,2,2,40,17
11,1,3,40,18
12,1,3,40,19
13,1,3,40,20
14,0,3,40,21
5,2,2,40,22
15,2,3,40,23
24,0,4,40,24
16,1,3,40,25
17,1,3,40,26
18,2,3,40,27
25,0,4,40,28
19,1,3,40,29
20,1,3,40,30
21,1,3,40,31
22,1,3,40,32
22,0,8,41,0
23,2,8,41,1
25,0,9,41,2
24,0,8,41,3
21,0,7,41,4
20,0,6,41,5
19,0,5,41,6
16,0,4,41,7
1,1,3,41,8
2,1,3,41,9
3,2,3,41,10
17,0,4,41,11
4,2,3,41,12
18,0,4,41,13
5,1,3,41,14
6,1,3,41,15
7,1,3,41,16
8,1,3,41,17
9,1,3,41,18
10,1,3,41,19
11,1,3,41,20
12,0,3,41,21
0,2,2,41,22
13,1,3,41,23
14,1,3,41,24
15,1,3,41,25
20,0,8,42,0
21,0,8,42,1
19,0,7,42,2
18,0,6,42,3
17,0,5,42,4
15,0,4,42,5
1,1,3,42,6
2,1,3,42,7
3,1,3,42,8
4,2,3,42,9
16,0,4,42,10
5,1,3,42,11
6,1,3,42,12
7,1,3,42,13
8,1,3,42,14
9,1,3,42,15
10,1,3,42,16
11,0,3,42,17
0,2,2,42,18
12,1,3,42,19
13,1,3,42,20
14,1,3,42,21
18,0,8,43,0
19,2,8,43,1
22,0,9,43,2
20,1,8,43,3
21,0,8,43,4
17,0,7,43,5
16,0,6,43,6
15,0,5,43,7
14,0,4,43,8
1,1,3,43,9
2,1,3,43,10
3,1,3,43,11
4,1,3,43,12
5,1,3,43,13
6,1,3,43,14
7,1,3,43,15
8,1,3,43,16
9,0,3,43,17
0,2,2,43,18
10,1,3,43,19
11,1,3,43,20
12,1,3,43,21
13,1,3,43,22
26,0,8,44,0
27,1,8,44,1
28,0,8,44,2
22,0,7,44,3
18,1,6,44,4
19,2,6,44,5
23,1,7,44,6
24,0,7,44,7
20,2,6,44,8
25,0,7,44,9
21,0,6,44,10
17,0,5,44,11
16,0,4,44,12
2,1,3,44,13
3,1,3,44,14
4,1,3,44,15
5,0,3,44,16
0,2,2,44,17
6,1,3,44,18
7,1,3,44,19
8,1,3,44,20
9,1,3,44,21
10,1,3,44,22
11,0,3,44,23
1,2,2,44,24
12,1,3,44,25
13,1,3,44,26
14,1,3,44,27
15,1,3,44,28
48,0,8,45,0
49,0,8,45,1
39,0,7,45,2
29,2,6,45,3
40,0,7,45,4
30,0,6,45,5
20,2,5,45,6
31,2,6,45,7
41,1,7,45,8
42,1,7,45,9
43,0,7,45,10
32,2,6,45,11
44,0,7,45,12
33,0,6,45,13
21,2,5,45,14
34,1,6,45,15
35,2,6,45,16
45,2,7,45,17
50,0,8,45,18
46,0,7,45,19
36,0,6,45,20
22,0,5,45,21
14,2,4,45,22
23,0,5,45,23
15,0,4,45,24
10,0,3,45,25
4,1,2,45,26
5,1,2,45,27
6,2,2,45,28
11,2,3,45,29
16,2,4,45,30
24,1,5,45,31
25,2,5,45,32
37,2,6,45,33
47,0,7,45,34
38,0,6,45,35
26,0,5,45,36
17,2,4,45,37
27,0,5,45,38
18,0,4,45,39
12,0,3,45,40
7,0,2,45,41
1,0,1,45,42
0,2,0,45,43
2,2,1,45,44
8,0,2,45,45
3,2,1,45,46
9,2,2,45,47
13,2,3,45,48
19,2,4,45,49
28,1,5,45,50
24,0,8,46,0
25,1,8,46,1
26,2,8,46,2
29,0,9,46,3
27,1,8,46,4
28,0,8,46,5
23,0,7,46,6
21,1,6,46,7
22,0,6,46,8
20,0,5,46,9
17,1,4,46,10
18,0,4,46,11
2,1,3,46,12
3,1,3,46,13
4,1,3,46,14
5,1,3,46,15
6,1,3,46,16
7,1,3,46,17
8,0,3,46,18
0,2,2,46,19
9,2,3,46,20
19,0,4,46,21
10,0,3,46,22
1,2,2,46,23
11,1,3,46,24
12,1,3,46,25
13,1,3,46,26
14,1,3,46,27
15,1,3,46,28
16,1,3,46,29
38,0,8,47,0
39,0,8,47,1
37,0,7,47,2
36,0,6,47,3
35,0,5,47,4
30,0,4,47,5
13,2,3,47,6
31,1,4,47,7
32,0,4,47,8
14,2,3,47,9
33,0,4,47,10
15,1,3,47,11
16,2,3,47,12
34,0,4,47,13
17,1,3,47,14
18,1,3,47,15
19,1,3,47,16
20,1,3,47,17
21,1,3,47,18
22,0,3,47,19
10,0,2,47,20
4,1,1,47,21
5,2,1,47,22
11,0,2,47,23
6,0,1,47,24
0,0,0,47,25
1,1,0,47,26
2,2,0,47,27
7,0,1,47,28
3,2,0,47,29
8,1,1,47,30
9,2,1,47,31
12,2,2,47,32
23,1,3,47,33
24,1,3,47,34
25,1,3,47,35
26,1,3,47,36
27,1,3,47,37
28,1,3,47,38
29,1,3,47,39
38,0,8,48,0
39,1,8,48,1
40,1,8,48,2
41,0,8,48,3
33,0,7,48,4
28,0,6,48,5
25,2,5,48,6
29,2,6,48,7
34,2,7,48,8
42,0,8,48,9
35,2,7,48,10
43,0,8,48,11
36,0,7,48,12
30,0,6,48,13
26,2,5,48,14
31,2,6,48,15
37,0,7,48,16
32,0,6,48,17
27,0,5,48,18
19,0,4,48,19
2,1,3,48,20
3,1,3,48,21
4,1,3,48,22
5,1,3,48,23
6,2,3,48,24
20,0,4,48,25
7,0,3,48,26
0,1,2,48,27
1,2,2,48,28
8,1,3,48,29
9,2,3,48,30
21,1,4,48,31
22,0,4,48,32
10,2,3,48,33
23,0,4,48,34
11,1,3,48,35
12,1,3,48,36
13,1,3,48,37
14,1,3,48,38
15,1,3,48,39
16,1,3,48,40
17,2,3,48,41
24,0,4,48,42
18,1,3,48,43
36,0,8,49,0
37,2,8,49,1
46,0,9,49,2
38,2,8,49,3
47,0,9,49,4
39,1,8,49,5
40,0,8,49,6
31,0,7,49,7
29,2,6,49,8
32,2,7,49,9
41,0,8,49,10
33,2,7,49,11
42,2,8,49,12
48,2,9,49,13
51,0,10,49,14
49,0,9,49,15
43,2,8,49,16
50,0,9,49,17
44,0,8,49,18
34,2,7,49,19
45,0,8,49,20
35,0,7,49,21
30,0,6,49,22
26,0,5,49,23
19,0,4,49,24
2,0,3,49,25
0,1,2,49,26
1,2,2,49,27
3,1,3,49,28
4,1,3,49,29
5,2,3,49,30
20,2,4,49,31
27,0,5,49,32
21,0,4,49,33
6,1,3,49,34
7,2,3,49,35
22,0,4,49,36
8,1,3,49,37
9,1,3,49,38
10,1,3,49,39
11,2,3,49,40
23,2,4,49,41
28,0,5,49,42
24,0,4,49,43
12,1,3,49,44
13,1,3,49,44
14,2,3,49,45
25,0,4,49,46
15,1,3,49,47
16,1,3,49,48
17,1,3,49,49
18,2,3,49,50
26,0,8,50,0
27,0,8,50,1
24,2,7,50,2
28,0,8,50,3
25,0,7,50,4
21,1,6,50,5
22,0,6,50,6
19,2,5,50,7
23,0,6,50,8
20,0,5,50,9
17,0,4,50,10
2,1,3,50,11
3,2,3,50,12
18,0,4,50,13
4,1,3,50,14
5,1,3,50,15
6,1,3,50,16
7,1,3,50,17
8,1,3,50,18
9,0,3,50,19
0,2,2,50,20
10,1,3,50,21
11,1,3,50,22
12,1,3,50,23
13,1,3,50,24
14,0,3,50,25
1,2,2,50,26
15,1,3,50,27
16,1,3,50,40
19,0,8,51,0
20,0,8,51,1
17,2,7,51,2
21,1,8,51,3
22,0,8,51,4
18,0,7,51,5
16,0,6,51,6
15,0,5,51,7
14,0,4,51,8
1,0,3,51,9
0,2,2,51,10
2,1,3,51,11
3,1,3,51,12
4,1,3,51,13
5,1,3,51,14
6,1,3,51,15
7,1,3,51,16
8,1,3,51,17
9,1,3,51,18
10,1,3,51,19
11,1,3,51,20
12,1,3,51,21
13,1,3,51,27
0,0,8,52,0
1,2,8,52,1
2,0,9,52,2
3,0,8,52,3
4,0,7,52,4
5,2,6,52,5
6,0,7,52,6
7,0,6,52,7
8,0,5,52,8
9,0,4,52,9
10,1,3,52,10
11,1,3,52,11
12,1,3,52,12
13,1,3,52,13
14,2,3,52,14
15,0,4,52,15
16,1,3,52,16
17,1,3,52,17
18,1,3,52,18
19,1,3,52,19
20,1,3,52,20
21,1,3,52,21
22,1,3,52,22
23,1,3,52,23
24,1,3,52,24
25,1,3,52,25
26,1,3,52,26
27,1,3,52,27
28,1,3,52,28
29,1,3,52,29
30,0,3,52,30
31,2,2,52,31
32,1,3,52,32
33,1,3,52,33
34,1,3,52,34
35,0,3,52,35
36,2,2,52,36
37,2,3,52,37
38,0,4,52,38
39,1,3,52,39
40,1,3,52,40
41,1,3,52,41
42,1,3,52,42
43,1,3,52,43
44,1,3,52,44
45,1,3,52,45
46,1,3,52,46
47,1,3,52,47
48,0,3,52,48
49,1,2,52,49
50,2,2,52,50
51,0,3,52,51
52,2,2,52,52
53,1,3,52,53
54,1,3,52,54
55,1,3,52,55
56,1,3,52,56
57,1,3,52,57
58,1,3,52,58
59,1,3,52,59
60,1,3,52,60
61,0,8,53,0
62,1,8,53,1
63,0,8,53,2
64,0,7,53,3
65,0,6,53,4
66,2,5,53,5
67,0,6,53,6
68,0,5,53,7
69,0,4,53,8
70,0,3,53,9
71,2,2,53,10
72,1,3,53,11
73,1,3,53,12
74,2,3,53,13
75,1,4,53,14
76,0,4,53,15
77,0,3,53,16
78,1,2,53,17
79,0,2,53,18
80,0,1,53,19
81,2,0,53,20
82,2,1,53,21
83,1,2,53,22
84,1,2,53,23
85,1,2,53,24
86,1,2,53,25
87,2,2,53,26
88,0,3,53,27
89,1,2,53,28
90,2,2,53,29
91,1,3,53,30
92,1,3,53,31
93,1,3,53,32
94,1,3,53,33
95,1,3,53,34
96,1,3,53,35
97,1,3,53,36
98,1,3,53,37
99,1,3,53,38
100,1,3,53,39
101,0,3,53,40
102,0,2,53,41
103,2,1,53,42
104,2,2,53,43
105,2,3,53,44
106,1,4,53,45
107,2,4,53,46
108,0,5,53,47
109,0,4,53,48
110,2,3,53,49
111,1,4,53,50
112,0,4,53,51
113,0,3,53,52
114,1,2,53,53
115,1,2,53,54
116,2,2,53,55
117,1,3,53,56
118,1,3,53,57
119,1,3,53,58
120,1,3,53,59
121,1,3,53,60
0,0,8,54,0
1,1,8,54,1
2,1,8,54,2
3,0,8,54,3
4,0,7,54,4
5,0,6,54,5
6,0,5,54,6
7,0,4,54,7
8,1,3,54,8
9,1,3,54,9
10,1,3,54,10
11,1,3,54,11
12,1,3,54,12
13,1,3,54,13
14,1,3,54,14
15,1,3,54,15
16,2,3,54,16
17,2,4,54,17
18,0,5,54,18
19,0,4,54,19
20,0,3,54,20
21,1,2,54,21
22,2,2,54,22
23,2,3,54,23
24,1,4,54,24
25,0,4,54,25
26,2,3,54,26
27,2,4,54,27
28,0,5,54,28
29,0,4,54,29
30,0,3,54,30
31,1,2,54,31
32,0,2,54,32
33,2,1,54,33
34,2,2,54,34
35,1,3,54,35
36,1,3,54,36
37,2,3,54,37
38,1,4,54,38
39,2,4,54,39
40,2,5,54,40
41,2,6,54,41
42,2,7,54,42
43,0,8,54,43
44,0,7,54,44
45,0,6,54,45
46,0,5,54,46
47,0,4,54,47
48,1,3,54,48
49,1,3,54,49
50,1,3,54,50
51,1,3,54,51
52,1,3,54,52
53,1,3,54,53
54,1,3,54,54
55,1,3,54,55
56,1,3,54,56
57,1,3,54,57
58,1,3,54,58
59,1,3,54,59
60,1,3,54,60
0,0,8,55,0
1,1,8,55,1
2,1,8,55,2
3,1,8,55,3
4,1,8,55,4
5,0,8,55,5
6,2,7,55,6
7,0,8,55,7
8,0,7,55,8
9,2,6,55,9
10,0,7,55,10
11,0,6,55,11
12,2,5,55,12
13,2,6,55,13
14,0,7,55,14
15,0,6,55,15
16,0,5,55,16
17,2,4,55,17
18,1,5,55,18
19,0,5,55,19
20,0,4,55,20
21,1,3,55,21
22,1,3,55,22
23,1,3,55,23
24,1,3,55,24
25,1,3,55,25
26,1,3,55,26
27,1,3,55,27
28,1,3,55,28
29,1,3,55,29
30,1,3,55,30
31,1,3,55,31
32,1,3,55,32
33,1,3,55,33
34,1,3,55,34
35,1,3,55,35
36,1,3,55,36
37,1,3,55,37
38,1,3,55,38
39,1,3,55,39
40,1,3,55,40
41,1,3,55,41
42,1,3,55,42
43,1,3,55,43
44,1,3,55,44
45,0,3,55,45
46,1,2,55,46
47,2,2,55,47
48,1,3,55,48
49,1,3,55,49
50,1,3,55,50
51,1,3,55,51
52,1,3,55,52
53,1,3,55,53
54,1,3,55,54
55,1,3,55,55
56,1,3,55,56
57,1,3,55,57
58,1,3,55,58
59,1,3,55,59
60,1,3,55,60
0,0,8,56,0
1,1,8,56,1
2,1,8,56,2
3,0,8,56,3
4,2,7,56,4
5,1,8,56,5
6,2,8,56,6
7,0,9,56,7
8,0,8,56,8
9,0,7,56,9
10,0,6,56,10
11,0,5,56,11
12,0,4,56,12
13,1,3,56,13
14,1,3,56,14
15,1,3,56,15
16,1,3,56,16
17,1,3,56,17
18,1,3,56,18
19,1,3,56,19
20,1,3,56,20
21,1,3,56,21
22,1,3,56,22
23,1,3,56,23
24,0,3,56,24
25,2,2,56,25
26,1,3,56,26
27,1,3,56,27
28,1,3,56,28
29,1,3,56,29
30,1,3,56,30
31,1,3,56,31
32,1,3,56,32
33,1,3,56,33
34,0,3,56,34
35,0,2,56,35
36,0,1,56,36
37,2,0,56,37
38,2,1,56,38
39,0,2,56,39
40,2,1,56,40
41,0,2,56,41
42,2,1,56,42
43,1,2,56,43
44,2,2,56,44
45,1,3,56,45
46,1,3,56,46
47,1,3,56,47
48,1,3,56,48
49,1,3,56,49
50,1,3,56,50
51,1,3,56,51
52,1,3,56,52
53,1,3,56,53
54,1,3,56,54
55,1,3,56,55
56,1,3,56,56
57,1,3,56,57
58,1,3,56,58
59,1,3,56,59
60,1,3,56,60
0,0,8,57,0
1,0,8,57,1
2,1,7,57,2
3,0,7,57,3
4,0,6,57,4
5,2,5,57,5
6,0,6,57,6
7,0,5,57,7
8,0,4,57,8
9,1,3,57,9
10,1,3,57,10
11,1,3,57,11
12,1,3,57,12
13,1,3,57,13
14,1,3,57,14
15,1,3,57,15
16,2,3,57,16
17,0,4,57,17
18,2,3,57,18
19,0,4,57,19
20,1,3,57,20
21,1,3,57,21
22,1,3,57,22
23,1,3,57,23
24,2,3,57,24
25,0,4,57,25
26,1,3,57,26
27,1,3,57,27
28,1,3,57,28
29,1,3,57,29
30,1,3,57,30
31,1,3,57,31
32,2,3,57,32
33,2,4,57,33
34,0,5,57,34
35,0,4,57,35
36,1,3,57,36
37,1,3,57,37
38,1,3,57,38
39,1,3,57,39
40,1,3,57,40
41,1,3,57,41
42,0,3,57,42
43,1,2,57,43
44,0,2,57,44
45,2,1,57,45
46,2,2,57,46
47,1,3,57,47
48,1,3,57,48
49,1,3,57,49
50,2,3,57,50
51,0,4,57,51
52,1,3,57,52
53,1,3,57,53
54,2,3,57,54
55,0,4,57,55
56,1,3,57,56
57,1,3,57,57
58,1,3,57,58
59,1,3,57,59
60,1,3,57,60
61,0,8,58,0
62,2,8,58,1
63,0,9,58,2
64,0,8,58,3
65,0,7,58,4
66,0,6,58,5
67,0,5,58,6
68,0,4,58,7
69,0,3,58,8
70,2,2,58,9
71,2,3,58,10
72,1,4,58,11
73,0,4,58,12
74,0,3,58,13
75,1,2,58,14
76,2,2,58,15
77,2,3,58,16
78,0,4,58,17
79,0,3,58,18
80,1,2,58,19
81,1,2,58,20
82,0,2,58,21
83,0,1,58,22
84,2,0,58,23
85,2,1,58,24
86,2,2,58,25
87,1,3,58,26
88,1,3,58,27
89,1,3,58,28
90,1,3,58,29
91,1,3,58,30
92,1,3,58,31
93,1,3,58,32
94,1,3,58,33
95,0,3,58,34
96,2,2,58,35
97,1,3,58,36
98,1,3,58,37
99,1,3,58,38
100,1,3,58,39
101,1,3,58,40
102,1,3,58,41
103,1,3,58,42
104,2,3,58,43
105,1,4,58,44
106,2,4,58,45
107,0,5,58,46
108,2,4,58,47
109,0,5,58,48
110,0,4,58,49
111,1,3,58,50
112,1,3,58,51
113,1,3,58,52
114,1,3,58,53
115,1,3,58,54
116,1,3,58,55
117,2,3,58,56
118,1,4,58,57
119,0,4,58,58
120,1,3,58,59
121,1,3,58,60
122,0,8,59,0
123,0,8,59,1
124,0,7,59,2
125,0,6,59,3
126,0,5,59,4
127,0,4,59,5
128,1,3,59,6
129,1,3,59,7
130,1,3,59,8
131,1,3,59,9
132,1,3,59,10
133,1,3,59,11
134,1,3,59,12
135,1,3,59,13
136,1,3,59,14
137,2,3,59,15
138,1,4,59,16
139,0,4,59,17
140,1,3,59,18
141,1,3,59,19
142,1,3,59,20
143,1,3,59,21
144,1,3,59,22
145,1,3,59,23
146,1,3,59,24
147,1,3,59,25
148,1,3,59,26
149,1,3,59,27
150,1,3,59,28
151,1,3,59,29
152,0,3,59,30
153,1,2,59,31
154,2,2,59,32
155,2,3,59,33
156,0,4,59,34
157,2,3,59,35
158,1,4,59,36
159,0,4,59,37
160,0,3,59,38
161,2,2,59,39
162,2,3,59,40
163,0,4,59,41
164,1,3,59,42
165,1,3,59,43
166,1,3,59,44
167,1,3,59,45
168,1,3,59,46
169,1,3,59,47
170,2,3,59,48
171,0,4,59,49
172,1,3,59,50
173,1,3,59,51
174,1,3,59,52
175,1,3,59,53
176,1,3,59,54
177,1,3,59,55
178,1,3,59,56
179,1,3,59,57
180,1,3,59,58
181,1,3,59,59
182,1,3,59,60
0,0,8,60,0
1,2,8,60,1
2,2,9,60,2
3,2,10,60,3
4,2,11,60,4
5,0,12,60,5
6,0,11,60,6
7,0,10,60,7
8,0,9,60,8
9,0,8,60,9
10,1,7,60,10
11,0,7,60,11
12,0,6,60,12
13,0,5,60,13
14,1,4,60,14
15,0,4,60,15
16,1,3,60,16
17,1,3,60,17
18,1,3,60,18
19,1,3,60,19
20,0,3,60,20
21,2,2,60,21
22,1,3,60,22
23,1,3,60,23
24,1,3,60,24
25,1,3,60,25
26,1,3,60,26
27,1,3,60,27
28,1,3,60,28
29,1,3,60,29
30,1,3,60,30
31,1,3,60,31
32,1,3,60,32
33,1,3,60,33
34,0,3,60,34
35,2,2,60,35
36,1,3,60,36
37,1,3,60,37
38,1,3,60,38
39,1,3,60,39
40,1,3,60,40
41,1,3,60,41
42,1,3,60,42
43,1,3,60,43
44,1,3,60,44
45,2,3,60,45
46,0,4,60,46
47,1,3,60,47
48,1,3,60,48
49,1,3,60,49
50,1,3,60,50
51,1,3,60,51
52,1,3,60,52
53,1,3,60,53
54,1,3,60,54
55,0,3,60,55
56,2,2,60,56
57,1,3,60,57
58,1,3,60,58
59,1,3,60,59
60,1,3,60,60
61,0,8,61,0
62,2,8,61,1
63,2,9,61,2
64,2,10,61,3
65,2,11,61,4
66,0,12,61,5
67,0,11,61,6
68,0,10,61,7
69,0,9,61,8
70,0,8,61,9
71,0,7,61,10
72,2,6,61,11
73,0,7,61,12
74,2,6,61,13
75,1,7,61,14
76,0,7,61,15
77,0,6,61,16
78,0,5,61,17
79,0,4,61,18
80,1,3,61,19
81,1,3,61,20
82,1,3,61,21
83,1,3,61,22
84,1,3,61,23
85,1,3,61,24
86,0,3,61,25
87,1,2,61,26
88,2,2,61,27
89,1,3,61,28
90,1,3,61,29
91,0,3,61,30
92,1,2,61,31
93,2,2,61,32
94,1,3,61,33
95,0,3,61,34
96,2,2,61,35
97,1,3,61,36
98,1,3,61,37
99,1,3,61,38
100,1,3,61,39
101,1,3,61,40
102,0,3,61,41
103,1,2,61,42
104,2,2,61,43
105,2,3,61,44
106,1,4,61,45
107,0,4,61,46
108,0,3,61,47
109,1,2,61,48
110,2,2,61,49
111,1,3,61,50
112,1,3,61,51
113,1,3,61,52
114,1,3,61,53
115,1,3,61,54
116,1,3,61,55
117,2,3,61,56
118,2,4,61,57
119,0,5,61,58
120,0,4,61,59
121,1,3,61,60
0,0,8,62,0
1,2,8,62,1
2,2,9,62,2
3,0,10,62,3
4,0,9,62,4
5,0,8,62,5
6,0,7,62,6
7,0,6,62,7
8,0,5,62,8
9,0,4,62,9
10,1,3,62,10
11,1,3,62,11
12,0,3,62,12
13,1,2,62,13
14,2,2,62,14
15,1,3,62,15
16,1,3,62,16
17,1,3,62,17
18,1,3,62,18
19,1,3,62,19
20,1,3,62,20
21,1,3,62,21
22,2,3,62,22
23,0,4,62,23
24,1,3,62,24
25,1,3,62,25
26,1,3,62,26
27,1,3,62,27
28,1,3,62,28
29,1,3,62,29
30,1,3,62,30
31,1,3,62,31
32,1,3,62,32
33,0,3,62,33
34,1,2,62,34
35,1,2,62,35
36,2,2,62,36
37,1,3,62,37
38,1,3,62,38
39,1,3,62,39
40,1,3,62,40
41,1,3,62,41
42,1,3,62,42
43,1,3,62,43
44,1,3,62,44
45,1,3,62,45
46,1,3,62,46
47,1,3,62,47
48,1,3,62,48
49,2,3,62,49
50,0,4,62,50
51,1,3,62,51
52,1,3,62,52
53,1,3,62,53
54,1,3,62,54
55,1,3,62,55
56,1,3,62,56
57,1,3,62,57
58,2,3,62,58
59,0,4,62,59
60,1,3,62,60
61,0,8,63,0
62,1,8,63,1
63,1,8,63,2
64,2,8,63,3
65,0,9,63,4
66,0,8,63,5
67,0,7,63,6
68,0,6,63,7
69,0,5,63,8
70,0,4,63,9
71,0,3,63,10
72,1,2,63,11
73,2,2,63,12
74,1,3,63,13
75,1,3,63,14
76,1,3,63,15
77,1,3,63,16
78,1,3,63,17
79,1,3,63,18
80,2,3,63,19
81,2,4,63,20
82,0,5,63,21
83,0,4,63,22
84,0,3,63,23
85,1,2,63,24
86,2,2,63,25
87,1,3,63,26
88,1,3,63,27
89,1,3,63,28
90,1,3,63,29
91,1,3,63,30
92,1,3,63,31
93,1,3,63,32
94,1,3,63,33
95,1,3,63,34
96,1,3,63,35
97,1,3,63,36
98,1,3,63,37
99,1,3,63,38
100,1,3,63,39
101,1,3,63,40
102,1,3,63,41
103,1,3,63,42
104,1,3,63,43
105,1,3,63,44
106,1,3,63,45
107,1,3,63,46
108,1,3,63,47
109,1,3,63,48
110,1,3,63,49
111,1,3,63,50
112,1,3,63,51
113,1,3,63,52
114,2,3,63,53
115,1,4,63,54
116,0,4,63,55
117,2,3,63,56
118,1,4,63,57
119,0,4,63,58
120,1,3,63,59
121,1,3,63,60
0,0,8,64,0
1,0,8,64,1
2,2,7,64,2
3,0,8,64,3
4,0,7,64,4
5,1,6,64,5
6,0,6,64,6
7,2,5,64,7
8,0,6,64,8
9,0,5,64,9
10,0,4,64,10
11,1,3,64,11
12,1,3,64,12
13,1,3,64,13
14,1,3,64,14
15,1,3,64,15
16,1,3,64,16
17,1,3,64,17
18,1,3,64,18
19,1,3,64,19
20,1,3,64,20
21,0,3,64,21
22,0,2,64,22
23,1,1,64,23
24,0,1,64,24
25,2,0,64,25
26,0,1,64,26
27,1,0,64,27
28,2,0,64,28
29,2,1,64,29
30,2,2,64,30
31,1,3,64,31
32,1,3,64,32
33,1,3,64,33
34,1,3,64,34
35,1,3,64,35
36,1,3,64,36
37,1,3,64,37
38,2,3,64,38
39,0,4,64,39
40,1,3,64,40
41,1,3,64,41
42,1,3,64,42
43,1,3,64,43
44,1,3,64,44
45,1,3,64,45
46,1,3,64,46
47,1,3,64,47
48,1,3,64,48
49,1,3,64,49
50,1,3,64,50
51,1,3,64,51
52,1,3,64,52
53,1,3,64,53
54,1,3,64,54
55,1,3,64,55
56,1,3,64,56
57,2,3,64,57
58,0,4,64,58
59,1,3,64,59
60,1,3,64,60
61,0,8,65,0
62,1,8,65,1
63,1,8,65,2
64,0,8,65,3
65,0,7,65,4
66,0,6,65,5
67,0,5,65,6
68,0,4,65,7
69,1,3,65,8
70,1,3,65,9
71,0,3,65,10
72,1,2,65,11
73,2,2,65,12
74,2,3,65,13
75,1,4,65,14
76,0,4,65,15
77,0,3,65,16
78,0,2,65,17
79,2,1,65,18
80,1,2,65,19
81,2,2,65,20
82,2,3,65,21
83,1,4,65,22
84,0,4,65,23
85,1,3,65,24
86,1,3,65,25
87,1,3,65,26
88,1,3,65,27
89,1,3,65,28
90,1,3,65,29
91,1,3,65,30
92,1,3,65,31
93,1,3,65,32
94,0,3,65,33
95,1,2,65,34
96,2,2,65,35
97,2,3,65,36
98,0,4,65,37
99,0,3,65,38
100,2,2,65,39
101,1,3,65,40
102,1,3,65,41
103,1,3,65,42
104,1,3,65,43
105,1,3,65,44
106,2,3,65,45
107,1,4,65,46
108,0,4,65,47
109,1,3,65,48
110,1,3,65,49
111,1,3,65,50
112,1,3,65,51
113,1,3,65,52
114,1,3,65,53
115,1,3,65,54
116,2,3,65,55
117,1,4,65,56
118,0,4,65,57
119,1,3,65,58
120,0,3,65,59
121,1,2,65,60
0,0,8,66,0
1,1,8,66,1
2,0,8,66,2
3,0,7,66,3
4,0,6,66,4
5,0,5,66,5
6,0,4,66,6
7,1,3,66,7
8,1,3,66,8
9,1,3,66,9
10,1,3,66,10
11,1,3,66,11
12,1,3,66,12
13,1,3,66,13
14,1,3,66,14
15,1,3,66,15
16,1,3,66,16
17,1,3,66,17
18,1,3,66,18
19,1,3,66,19
20,1,3,66,20
21,2,3,66,21
22,1,4,66,22
23,2,4,66,23
24,0,5,66,24
25,0,4,66,25
26,1,3,66,26
27,1,3,66,27
28,1,3,66,28
29,1,3,66,29
30,1,3,66,30
31,1,3,66,31
32,0,3,66,32
33,2,2,66,33
34,1,3,66,34
35,2,3,66,35
36,0,4,66,36
37,1,3,66,37
38,1,3,66,38
39,1,3,66,39
40,2,3,66,40
41,0,4,66,41
42,1,3,66,42
43,1,3,66,43
44,1,3,66,44
45,1,3,66,45
46,2,3,66,46
47,0,4,66,47
48,1,3,66,48
49,1,3,66,49
50,1,3,66,50
51,1,3,66,51
52,1,3,66,52
53,1,3,66,53
54,1,3,66,54
55,1,3,66,55
56,1,3,66,56
57,1,3,66,57
58,1,3,66,58
59,1,3,66,59
60,1,3,66,60
61,0,8,67,0
62,2,8,67,1
63,1,9,67,2
64,0,9,67,3
65,0,8,67,4
66,0,7,67,5
67,0,6,67,6
68,0,5,67,7
69,1,4,67,8
70,0,4,67,9
71,1,3,67,10
72,1,3,67,11
73,1,3,67,12
74,1,3,67,13
75,1,3,67,14
76,1,3,67,15
77,2,3,67,16
78,1,4,67,17
79,0,4,67,18
80,1,3,67,19
81,1,3,67,20
82,1,3,67,21
83,1,3,67,22
84,2,3,67,23
85,1,4,67,24
86,0,4,67,25
87,1,3,67,26
88,1,3,67,27
89,1,3,67,28
90,1,3,67,29
91,1,3,67,30
92,1,3,67,31
93,1,3,67,32
94,1,3,67,33
95,1,3,67,34
96,0,3,67,35
97,2,2,67,36
98,0,3,67,37
99,0,2,67,38
100,2,1,67,39
101,2,2,67,40
102,2,3,67,41
103,1,4,67,42
104,2,4,67,43
105,2,5,67,44
106,0,6,67,45
107,0,5,67,46
108,0,4,67,47
109,1,3,67,48
110,1,3,67,49
111,1,3,67,50
112,1,3,67,51
113,1,3,67,52
114,1,3,67,53
115,1,3,67,54
116,1,3,67,55
117,1,3,67,56
118,1,3,67,57
119,1,3,67,58
120,1,3,67,59
121,1,3,67,60
0,0,8,68,0
1,0,8,68,1
2,0,7,68,2
3,0,6,68,3
4,0,5,68,4
5,0,4,68,5
6,1,3,68,6
7,1,3,68,7
8,0,3,68,8
9,2,2,68,9
10,0,3,68,10
11,2,2,68,11
12,1,3,68,12
13,1,3,68,13
14,1,3,68,14
15,1,3,68,15
16,1,3,68,16
17,1,3,68,17
18,1,3,68,18
19,1,3,68,19
20,1,3,68,20
21,1,3,68,21
22,1,3,68,22
23,1,3,68,23
24,1,3,68,24
25,0,3,68,25
26,1,2,68,26
27,0,2,68,27
28,2,1,68,28
29,0,2,68,29
30,2,1,68,30
31,2,2,68,31
32,1,3,68,32
33,1,3,68,33
34,1,3,68,34
35,1,3,68,35
36,1,3,68,36
37,1,3,68,37
38,1,3,68,38
39,1,3,68,39
40,1,3,68,40
41,1,3,68,41
42,1,3,68,42
43,1,3,68,43
44,1,3,68,44
45,1,3,68,45
46,1,3,68,46
47,0,3,68,47
48,2,2,68,48
49,1,3,68,49
50,1,3,68,50
51,1,3,68,51
52,1,3,68,52
53,2,3,68,53
54,0,4,68,54
55,1,3,68,55
56,1,3,68,56
57,1,3,68,57
58,1,3,68,58
59,1,3,68,59
60,1,3,68,60
